stateabb,year,gcs_mn_all,gcs_mn_ecd,gcs_mn_blk,gcs_mn_wht,gcs_mn_fem,gcs_mn_mal,gap_ecd,gap_black_white,gap_female_male
AL,2009,6.680761571119153,5.451946044892217,5.179550192992463,7.598265700916224,6.911253480447549,6.452363206588466,1.2288155262269367,2.4187155079237614,0.4588902738590823
AL,2010,6.715474592063854,5.537557884022513,5.164428512782659,7.610539713191538,,,1.1779167080413417,2.446111200408879,
AL,2011,6.748974084844027,5.626749381569018,5.314083291277388,7.604077101853383,6.986996352957587,6.506386489981331,1.122224703275009,2.2899938105759947,0.4806098629762561
AL,2012,6.760139471355488,5.656291765570232,5.266977674344451,7.633166646764559,6.939944241900953,6.586143673964574,1.103847705785256,2.366188972420108,0.3538005679363794
AL,2013,6.745164641384644,5.65850771822935,5.163253449559455,7.671809325710095,6.967769749953395,6.525172358685134,1.086656923155294,2.5085558761506404,0.4425973912682615
AL,2014,6.665158412026097,5.560715682285066,5.072202988562006,7.664747306900756,6.922641335655001,6.386631042681884,1.1044427297410309,2.5925443183387493,0.536010292973117
AL,2015,6.538624002791598,5.468941390995987,4.896931478371457,7.551621499816299,6.765700692231681,6.301408657720653,1.0696826117956109,2.654690021444843,0.4642920345110273
AL,2016,6.644831921373244,,4.952342666736556,7.661518741116538,6.857192549953854,6.429816499080506,,2.7091760743799815,0.42737605087334885
AL,2017,6.696585615406432,5.614764242559107,4.918781918293686,7.727967275334208,6.9254239116518,6.464843696325997,1.0818213728473252,2.8091853570405227,0.46058021532580273
AL,2018,6.699025827235874,5.419398025424798,4.924934909742526,7.714844871714402,6.93043761248901,6.466083846076275,1.2796278018110758,2.789909961971876,0.46435376641273507
AL,2019,6.691763548858344,5.417967258923644,4.938950842526522,7.701189251581168,6.939662921822465,6.442533288532874,1.2737962899346993,2.762238409054646,0.4971296332895907
AK,2009,8.015010698467671,6.694024054745047,5.938770354697268,8.839395825819143,8.066021262598024,7.965763329824529,1.320986643722624,2.9006254711218746,0.10025793277349493
AK,2010,8.052679943925124,6.768356526929109,6.346490716245524,8.903014630535973,8.032025969469776,8.077199235633456,1.2843234169960152,2.556523914290448,-0.04517326616367967
AK,2011,8.059154689315543,6.779931117587948,6.214605379024399,9.002348830983468,8.111534479594825,8.01198670070756,1.279223571727595,2.787743451959069,0.09954777888726518
AK,2012,8.033347602529668,6.688777094151094,6.614158014039058,9.038805801614936,8.099687364043662,7.970014411434013,1.344570508378574,2.4246477875758785,0.12967295260964917
AK,2013,7.991295331929948,6.617784390353595,6.509714301133289,9.023525318753574,8.110705591148758,7.877432129021311,1.3735109415763525,2.5138110176202852,0.23327346212744704
AK,2014,7.917059331431639,6.614573514312687,5.991057498210886,9.040462612859509,8.002705786711223,7.834238202730019,1.302485817118952,3.0494051146486223,0.16846758398120443
AK,2015,7.808969043037031,6.598924113254954,6.144884294560881,,7.834833240005902,7.778874435823114,1.210044929782077,,0.05595880418278831
AZ,2009,7.503650360908522,6.275011292032099,6.144707403372229,8.761130359242996,7.510585859740747,7.495597936672366,1.228639068876423,2.6164229558707666,0.014987923068380482
AZ,2010,7.601954992999937,6.446860305903138,6.435093713064671,8.815868307143333,7.646419338322595,7.556447604659052,1.1550946870967982,2.3807745940786624,0.08997173366354261
AZ,2011,7.704005023985658,6.584149282297062,6.488723559958536,8.921575712681786,7.781150924430955,7.623109467615684,1.1198557416885961,2.4328521527232505,0.15804145681527082
AZ,2012,7.722937897732791,6.722295272721483,6.409687515413699,8.88556684978307,7.773644539992056,7.669343177442326,1.0006426250113085,2.4758793343693704,0.10430136254973021
AZ,2013,7.756432440586086,6.787322149721743,6.427134329414204,8.879779286745974,7.910303162186129,7.596281689151647,0.969110290864343,2.4526449573317697,0.31402147303448213
AZ,2014,7.915007933390146,6.887719451185948,6.660808326278281,9.076768248401274,8.096101494299218,7.728200432345307,1.0272884822041979,2.415959922122993,0.36790106195391026
AZ,2015,8.115318029058855,7.092970236693729,6.706921069380417,9.304787291442569,8.203336295907034,8.018667785622393,1.0223477923651263,2.5978662220621516,0.18466851028464148
AR,2011,7.740199206153794,6.780639117502721,5.555991718145869,8.48981840098406,7.848414905031786,7.634641788665127,0.9595600886510729,2.933826682838191,0.2137731163666592
AR,2012,7.658934209903167,6.716755877010519,5.455924127149717,8.421285502591452,7.588026298627,7.730897750719999,0.9421783328926479,2.965361375441735,-0.142871452092999
AR,2013,7.587303385273543,6.576678389272507,5.504121687853262,8.335659620713722,7.655063559694655,7.517963393938468,1.0106249960010363,2.83153793286046,0.13710016575618766
AR,2014,7.453175371054537,6.456813567541261,5.320590795806476,8.201457507196174,7.695333860010892,7.211697578629069,0.9963618035132766,2.8808667113896984,0.48363628138182246
AR,2016,7.266015235541958,6.341779921783528,5.129435998595238,8.011084421633775,7.437834839016674,7.082473751280832,0.9242353137584303,2.8816484230385377,0.35536108773584285
AR,2017,7.179252527338279,6.190846219640232,5.075918764459402,7.945297453136424,7.420982493642057,6.936469841081839,0.9884063076980469,2.8693786886770223,0.4845126525602188
AR,2018,7.190391018291626,6.176157984764659,5.027496984133395,8.009098842751396,7.393649251272357,6.973867554313188,1.014233033526967,2.981601858618,0.419781696959169
AR,2019,7.198621173692692,6.144704078044237,4.825023934115085,8.07614076390063,7.426302739843372,6.960434514786925,1.0539170956484556,3.2511168297855457,0.46586822505644676
CA,2015,7.295929293967935,6.18269106603509,5.427351044348596,8.739788530527187,7.477483710245662,7.102358196027031,1.113238227932845,3.3124374861785917,0.37512551421863094
CA,2016,7.350177371581153,6.197533632317739,5.403188193783895,8.846694955906013,7.568244365505523,7.122900829229192,1.1526437392634143,3.4435067621221185,0.4453435362763303
CA,2017,7.420412603433577,6.181538819479012,5.43695922371776,8.928697361155372,7.661924240968762,7.168388234079851,1.2388737839545643,3.491738137437612,0.4935360068889114
CA,2018,7.357098030594211,6.15697919679405,5.280614960233633,8.851854582451425,7.615293280402083,7.084521453904709,1.2001188338001612,3.5712396222177922,0.5307718264973742
CA,2019,7.296000335168686,6.126992651329904,5.203685334765761,8.817797766542519,7.536053010213915,7.040868921603662,1.1690076838387817,3.614112431776758,0.49518408861025254
CO,2012,8.846734784110648,7.211303938975318,6.744101683789616,9.803280915828903,8.852876331893128,8.841465661516851,1.63543084513533,3.0591792320392877,0.011410670376276855
CO,2013,8.722962708215663,7.064344188466771,6.7704508659633,9.702786507152537,8.719386957759259,8.72771465472173,1.6586185197488916,2.932335641189237,-0.008327696962471265
CO,2014,8.549381321878958,6.904054377645179,6.448556840492266,9.554728315026484,8.584485430420889,8.515404985690457,1.645326944233779,3.106171474534218,0.06908044473043162
CT,2009,8.571861488617351,6.130789827404032,6.114166408159292,9.566035107972228,8.6202698384318,8.524527941815311,2.4410716612133188,3.4518686998129358,0.0957418966164898
CT,2010,8.55763337165384,6.233519822329759,6.221133287555329,9.492107798613434,8.652403828409046,8.46257035321297,2.32411354932408,3.270974511058105,0.1898334751960764
CT,2011,8.516700988784459,6.243652141561002,6.127265030995791,9.482456141529576,8.60148503533792,8.434276945350069,2.273048847223457,3.3551911105337853,0.16720808998785053
CT,2012,8.393875957330003,6.047304934076528,5.869572358512269,9.446422234643574,8.498604091819237,8.291986472062574,2.3465710232534756,3.5768498761313046,0.20661761975666337
CT,2013,8.291592713205821,5.939269990629374,5.804459266738696,9.378636743151535,8.40338399008296,8.183611280845728,2.3523227225764467,3.5741774764128396,0.21977270923723147
CT,2015,8.229551059985933,6.060307814899426,5.765564242083561,9.294620181598,8.386745034441356,8.063762381630202,2.1692432450865073,3.52905593951444,0.3229826528111541
CT,2016,8.235603811049701,6.079510619396019,5.739176009398479,9.351858988943226,8.384965675785065,8.080653114707104,2.1560931916536825,3.612682979544747,0.30431256107796045
CT,2017,8.225499668739902,5.94593302598377,5.536715758982679,9.32622716828215,8.385071242194366,8.060250971989895,2.279566642756132,3.789511409299471,0.32482027020447113
CT,2018,8.31759338503849,6.259871015669872,5.778774177512634,9.490946066498852,8.47103133224923,8.157528864644222,2.0577223693686184,3.7121718889862176,0.31350246760500866
CT,2019,8.393299462764066,6.269015946431468,5.822020175978386,9.704893037615836,8.569818961233988,8.208299443766892,2.124283516332598,3.88287286163745,0.3615195174670962
DE,2009,8.158634081872147,6.969770677730978,6.6598860075129,9.163409398940026,8.083751274451664,8.234816337298767,1.1888634041411699,2.5035233914271258,-0.15106506284710264
DE,2010,8.083792607517115,6.839357741502402,6.555798439415789,9.051235050028788,8.038358291772832,8.128666532823157,1.2444348660147124,2.495436610612999,-0.09030824105032487
DE,2011,8.00602298931483,6.864164824687299,6.561450107498478,9.031709103613554,8.07301354889874,7.939418041768744,1.141858164627532,2.470258996115076,0.13359550712999546
DE,2012,8.041663719561184,6.907361509659317,6.530721638349624,9.081893610959945,8.0255260445616,8.055515806565413,1.1343022099018665,2.5511719726103212,-0.029989762003813425
DE,2013,8.074716087009717,6.944886329274201,6.452691995464455,9.133696457558807,8.08653506343073,8.05975791341601,1.129829757735516,2.6810044620943527,0.02677715001471981
DE,2014,7.952858543937302,6.791956164890762,6.46827242098374,8.94940770660908,8.001981862859713,7.901588656411587,1.16090237904654,2.4811352856253395,0.10039320644812655
DE,2015,7.842187835565334,6.709691113311206,,8.92054420036615,7.996888651571221,7.677974798571197,1.1324967222541282,,0.3189138530000246
DE,2016,7.725639866347274,6.133099381973206,6.168500462259852,8.926084675807548,8.01171578523624,7.430096852345207,1.5925404843740685,2.7575842135476965,0.5816189328910326
DE,2017,7.623669027754852,6.202277119712703,6.069563445555402,8.69049411808836,7.908872117801502,7.333930862216,1.4213919080421489,2.6209306725329578,0.5749412555855011
DE,2018,7.614604222372935,6.092926775217508,6.065779062378365,8.796324927683287,7.830242290162185,7.389569953337972,1.5216774471554269,2.730545865304922,0.44067233682421314
DE,2019,7.547036577483159,6.005028961435579,6.015853698607159,8.823455044268202,7.784948976680752,7.293134831970796,1.54200761604758,2.807601345661044,0.49181414470995666
DC,2009,5.152911042496648,4.766387226604751,4.799762682419918,10.72017187299266,5.498292368948107,4.7751801681335,0.38652381589189755,5.920409190572742,0.7231122008146071
DC,2010,5.505411819545045,4.9550374842731,5.171510654675528,11.21836243150611,5.623639275673729,5.380826785966612,0.550374335271945,6.046851776830582,0.24281248970711733
DC,2011,5.863233906117976,5.447107881996595,5.518207031202189,10.71186086191462,6.106440416580668,5.612000972369965,0.41612602412138155,5.193653830712431,0.49443944421070274
DC,2012,6.157116812432512,5.642653856159661,5.689195422704049,11.32023648282739,6.587760162899739,5.715727258509037,0.5144629562728511,5.631041060123341,0.8720329043907027
DC,2013,6.450633749189389,6.015809851968552,6.076590306906353,,6.758249420853996,6.148211766353796,0.4348238972208369,,0.6100376545002
DC,2014,6.299873779565099,5.639409801366085,5.83091365718664,11.81004686495931,6.623259003459727,5.982144166265691,0.6604639781990143,5.979133207772669,0.6411148371940358
FL,2009,7.738173703013858,6.59456113959035,5.885226539756325,8.811069159489794,7.651269298878322,7.824120649235367,1.1436125634235088,2.9258426197334684,-0.17285135035704524
FL,2010,7.672918633531132,6.631429799061315,5.842902106359963,8.651421170586728,7.62101903963582,7.723863164228993,1.041488834469817,2.808519064226765,-0.10284412459317238
FL,2011,7.622738355554444,6.656307907485951,6.057677647691091,8.44460179485746,7.661967487874502,7.584167231891028,0.9664304480684924,2.3869241471663694,0.07780025598347429
FL,2012,7.756377867061635,6.829835637338186,6.292272136168514,8.528845122768681,7.849469516034636,7.663742767879406,0.9265422297234487,2.2365729866001667,0.18572674815523005
GA,2009,7.53944378836792,6.399186909250848,6.372685628107936,8.454973441197337,7.697045125355759,7.381494044741719,1.1402568791170715,2.082287813089401,0.31555108061404
GA,2010,7.573399031491781,6.459101788381699,6.367528611022087,8.479436258356225,7.760883573482964,7.389883489877693,1.114297243110082,2.111907647334138,0.3710000836052707
GA,2011,7.607300898114794,6.517561848423211,6.414863193698398,8.496802273127123,7.815320530831945,7.405266201183616,1.0897390496915822,2.081939079428725,0.41005432964832966
GA,2012,7.667937179447266,6.593527471802198,6.432331388329407,8.573593425850401,7.877209908955798,7.463548736434888,1.074409707645068,2.1412620375209936,0.4136611725209107
GA,2013,7.728028650410016,6.604788970016045,6.369282901952337,8.720629080516678,7.897917622947824,7.561468800848739,1.1232396803939704,2.3513461785643415,0.33644882209908467
GA,2014,7.708586402212823,6.65272088542049,6.293069997291446,8.812661506537049,7.850446879879422,7.568354236473603,1.0558655167923332,2.519591509245603,0.28209264340581885
GA,2015,7.683169392392589,6.637980924215134,6.214711846932461,8.874508102369303,7.856015733452358,7.508497681417913,1.0451884681774546,2.6597962554368415,0.3475180520344443
GA,2016,7.783506464927265,6.700077924751108,6.193555967159032,9.046617839036198,7.964995635610371,7.603113185924085,1.0834285401761568,2.8530618718771663,0.361882449686286
GA,2017,7.877600768060645,6.796836666959986,6.358122851714427,9.110459578909929,8.05007001338215,7.709384288139884,1.0807641011006588,2.7523367271955017,0.3406857252422659
GA,2018,7.807781725762556,6.689080627766815,6.233500051158357,9.065784697544734,8.000792177186911,7.616449597355929,1.118701097995741,2.832284646386377,0.38434257983098163
GA,2019,7.736508775045039,6.616249155531016,6.223731426926219,9.001844432234467,7.963106228085477,7.512077987529034,1.120259619514023,2.7781130053082483,0.4510282405564432
HI,2009,7.174075080688045,6.121481291051664,6.9330673938413,7.818745585417587,7.492187191976896,6.851420000329514,1.052593789636381,0.8856781915762868,0.6407671916473818
HI,2010,7.380350257476897,6.373360946761364,7.25788961487397,8.151462388446369,7.624426747987257,7.148382487865047,1.0069893107155323,0.8935727735723988,0.4760442601222099
HI,2011,7.592211942993399,6.692151076545835,7.268937750706582,8.367628468298337,7.712294546289452,7.470056530378729,0.9000608664475633,1.0986907175917544,0.24223801591072291
HI,2012,7.774825873771199,6.910319428674818,7.048891764824855,8.528926826766607,7.967467437434179,7.591136458490513,0.8645064450963815,1.4800350619417522,0.37633097894366596
HI,2013,7.954333899724692,7.141422368695252,7.283983820421402,8.768221810770664,8.141043867533282,7.783105428165502,0.8129115310294406,1.4842379903492615,0.35793843936778025
HI,2014,7.854320685898696,7.009680244899188,6.932552452150624,8.632349681834855,8.1120486520198,7.594474256487348,0.8446404409995072,1.699797229684231,0.5175743955324519
HI,2015,7.756371326259515,6.760425160372654,6.986361408645823,8.514432280523168,8.137559253465895,7.347967553333685,0.9959461658868607,1.528070871877346,0.7895917001322097
HI,2016,7.644264050879676,6.598561741943098,7.434249586400639,8.812899925144773,7.994575514038847,7.293473511271407,1.045702308936578,1.3786503387441345,0.7011020027674402
HI,2017,7.535567803710119,6.423879904757793,7.502294030568049,8.337527458171515,7.948415782141544,7.133439791991599,1.1116878989523267,0.8352334276034652,0.8149759901499456
HI,2018,7.432385069454032,6.226237307875568,7.638078879682562,8.506705000539394,7.78764842880973,7.087369278374007,1.206147761578464,0.8686261208568329,0.7002791504357226
HI,2019,7.326399212598742,6.103154361338954,7.259438641773997,8.397857562126257,7.694831546304944,6.963847713860718,1.2232448512597873,1.1384189203522599,0.7309838324442257
ID,2009,8.489852166469685,7.377305893697884,6.869294380117402,8.851928046991654,8.366493471405878,8.62154222577041,1.1125462727718007,1.9826336668742526,-0.2550487543645321
ID,2010,8.448126753243306,7.404865343334298,6.863663640935171,8.81101623476874,8.291595877610163,8.609602355530324,1.0432614099090083,1.9473525938335694,-0.3180064779201608
ID,2011,8.436972944772242,7.369485037472344,6.575450841117375,8.834773834682546,8.310540843045027,8.56514752805393,1.0674879072998973,2.2593229935651706,-0.2546066850089037
ID,2012,8.420501600201256,7.464736668718603,6.327176079668371,8.809366085495947,8.343914348172126,8.493730618864744,0.9557649314826522,2.482190005827576,-0.14981627069261805
ID,2013,8.405359579435851,7.43219488703795,5.700866745091638,8.739038902997091,8.45946429808933,8.351462127731631,0.9731646923979014,3.0381721579054535,0.10800217035769855
ID,2015,8.154600042672115,7.043290434073823,6.074900727116169,8.576271375762564,8.292443257704084,8.009529666797363,1.111309608598292,2.501370648646396,0.2829135909067215
ID,2016,8.1996678481302,7.059063997610282,6.287390208057829,8.657959814243283,8.34881610909797,8.041634598634415,1.140603850519919,2.3705696061854535,0.307181510463554
ID,2017,8.21777162705006,7.029108721361151,5.845941217839955,8.661984495851252,8.33880487086914,8.088354971691793,1.1886629056889095,2.816043278011297,0.2504498991773474
ID,2018,8.274384592920795,6.944843013699989,5.611572973945163,8.742591615239748,8.448791040881167,8.093657702084807,1.3295415792208054,3.1310186412945846,0.3551333387963602
ID,2019,8.317059106805093,6.94148114163267,5.402652519512523,8.843819076740148,8.501218699158713,8.127290877480661,1.3755779651724236,3.4411665572276258,0.37392782167805194
IL,2009,7.961085065992744,6.497177062619834,5.919582594708068,8.891607690415457,8.013899941711886,7.912157017652345,1.46390800337291,2.972025095707389,0.10174292405954066
IL,2010,8.013813648688798,6.679698871137922,6.094218598499799,8.872819362379191,8.129096049655839,7.902534383833055,1.3341147775508757,2.7786007638793926,0.2265616658227838
IL,2011,8.052592491246324,6.770226381209302,6.251415204614432,8.881502360249305,8.171201347466003,7.938779676986321,1.2823661100370218,2.6300871556348735,0.23242167047968199
IL,2012,8.163244433478061,6.848206430712855,6.309320061820197,9.030319377451178,8.258195660080087,8.0725263034199,1.3150380027652062,2.7209993156309817,0.18566935666018658
IL,2013,8.306636587838296,7.007040637242738,6.386817321224733,9.084086382437672,8.420993835459532,8.197834319068752,1.2995959505955588,2.697269061212939,0.2231595163907798
IL,2014,8.17639197907682,6.911193906750558,6.291822907040237,8.939261887789133,8.341495100830514,8.01756243798661,1.2651980723262621,2.6474389807488956,0.32393266284390343
IL,2015,8.05502753577474,,,8.887279521214044,8.294544726891871,,,,
IL,2016,8.008383472516659,6.672266886422387,5.953258522491454,8.857550024133873,8.286335065635491,7.73034431509743,1.3361165860942723,2.90429150164242,0.5559907505380615
IL,2017,7.990668400347761,6.549079615764541,5.739370668970844,8.95772999321368,8.257791281559824,7.728400484508235,1.44158878458322,3.2183593242428365,0.5293907970515885
IL,2018,8.039830769286546,6.550346720787928,5.641082286312293,9.04399444310587,8.307717038082929,7.77138960594663,1.4894840484986176,3.402912156793577,0.5363274321362992
IL,2019,8.081959565697165,6.605223297612437,5.73426208833893,9.066510523233116,8.328891259233446,7.833937954233601,1.4767362680847276,3.3322484348941863,0.4949533049998447
IN,2009,8.386999635411245,7.054041820730299,6.178379951774708,8.843800959917694,8.290401080211575,8.483791996350709,1.3329578146809462,2.665421008142986,-0.1933909161391334
IN,2010,8.33877081180293,7.106005951275856,6.089016722463486,8.771395545539727,8.329045385320171,8.348227855123291,1.2327648605270731,2.682378823076241,-0.019182469803119773
IN,2011,8.290159494655988,7.10383462088615,6.035764694059144,8.723357364071434,8.247735555673598,8.332032864708472,1.1863248737698386,2.6875926700122905,-0.08429730903487354
IN,2012,8.409218963872322,7.222000998868778,6.163277452641402,8.857841358265775,8.455833458917597,8.36489209254261,1.1872179650035433,2.6945639056243733,0.09094136637498806
IN,2013,8.538457444037535,7.368968386792217,6.25012025430808,8.992637232749965,8.52114553013694,8.554870348872248,1.1694890572453183,2.742516978441885,-0.033724818735308304
IN,2014,8.517214030627532,7.31789094193227,6.1628652374515,9.001853409452849,8.538147604283504,8.497713589231727,1.1993230886952615,2.838988172001349,0.04043401505177613
IN,2015,8.541565396820667,7.326677475684541,6.298775696478668,9.043057549789514,8.688738119896458,8.386239672590692,1.2148879211361265,2.744281853310847,0.3024984473057657
IN,2016,8.58955188766606,7.330551219632618,6.354456862093695,9.108991219697309,8.76306994836211,8.40751647536163,1.2590006680334422,2.754534357603614,0.3555534730004801
IN,2017,8.556254946952361,7.256697380090452,6.191795093331344,9.10900223507948,8.714955079440962,8.393459413507472,1.2995575668619086,2.9172071417481353,0.3214956659334902
IN,2018,8.481627927539455,7.203333363265151,6.239056156702719,9.024715964334767,8.726791846975267,8.226390862318862,1.2782945642743035,2.7856598076320482,0.5004009846564053
IN,2019,8.361716670716712,7.068028403482209,5.970330133838179,8.957733374752415,8.523799835464501,8.191509584298881,1.2936882672345025,2.9874032409142357,0.3322902511656203
IA,2009,8.155705825316153,6.487032689247502,5.24475036698114,8.47577065645489,7.951290581252179,8.355459365061787,1.6686731360686506,3.231020289473749,-0.40416878380960775
IA,2010,8.21837350364076,6.707242003205473,5.279688539358633,8.54136156064075,8.012596459774722,8.424405045005921,1.5111315004352877,3.2616730212821174,-0.41180858523119923
IA,2011,8.293609122350862,6.780421911884728,5.239492944639256,8.67013658212611,8.121177213410578,8.462042376911029,1.5131872104661337,3.4306436374868543,-0.3408651635004514
IA,2012,8.322948022947182,6.764280389556606,5.311940417261993,8.68133453503444,8.167283917128435,8.476413973647924,1.5586676333905762,3.3693941177724467,-0.3091300565194892
IA,2013,8.3361748872761,6.761678527102028,5.390418949909754,8.71463152377647,8.30698195349838,8.363038763018041,1.5744963601740718,3.324212573866716,-0.056056809519661854
IA,2014,8.396918278049615,6.802676327590528,5.316975457655392,8.813558381655998,8.35074949879866,8.443685974901117,1.5942419504590868,3.496582924000606,-0.09293647610245692
IA,2015,8.455311155697164,6.873373740067669,5.136877330801801,8.861690539576543,8.451463921300958,8.460289709804517,1.5819374156294943,3.7248132087747416,-0.008825788503559195
IA,2016,8.438677874828807,6.82231097686689,5.033286768416617,8.901020440953532,8.439745398241179,8.438753209414626,1.6163668979619166,3.8677336725369154,0.0009921888265527201
IA,2017,8.434747821750422,6.755924475576101,4.93446060716076,8.892879447455178,8.456195932715284,8.411542910887722,1.6788233461743207,3.958418840294417,0.044653021827562256
IA,2018,8.210508395291754,6.556301858519609,4.911751685235175,8.69242512916338,8.208967201630944,8.212439625346347,1.6542065367721452,3.7806734439282055,-0.003472423715402684
IA,2019,7.998809328901547,6.466148469920222,4.979230035747182,8.474353918392309,8.132534162833617,7.864923059429569,1.532660858981325,3.4951238826451263,0.2676111034040476
KS,2009,8.5967605400592,7.201444643076191,6.610265550553732,9.111787898183712,8.617980623617978,8.572940430083118,1.3953158969830097,2.5015223476299795,0.04504019353485944
KS,2010,8.687714045066356,7.369589044637643,6.728799117105621,9.187180449044543,8.717453498429283,8.660012342097748,1.3181250004287124,2.4583813319389227,0.057441156331535126
KS,2011,8.780606184098861,7.567853996367226,6.868224979467662,9.272660228748482,8.824055803876268,8.73890249032032,1.2127521877316347,2.4044352492808194,0.08515331355594746
KS,2012,8.74164536560585,7.424533317548093,6.485965130447942,9.331978287208594,8.845152067673421,8.642478452370208,1.3171120480577567,2.8460131567606517,0.2026736153032136
KS,2013,8.717863139916323,7.369969932905797,6.54163904613527,9.30542973581713,8.791646606700132,8.646903629890723,1.347893207010526,2.7637906896818603,0.14474297680940929
KS,2015,8.210082586655263,7.009730191623355,6.246664125346071,8.762383318929464,8.243433142425014,8.17267242969758,1.2003523950319082,2.5157191935833927,0.07076071272743434
KS,2016,8.28112000402605,6.965462437607798,6.026974938371005,8.83936992751345,8.31360009594817,8.246564466105944,1.3156575664182526,2.8123949891424456,0.06703562984222522
KS,2017,8.363353316329164,6.990973312579788,6.123350736218128,8.972532561897642,8.466069689728537,8.254524491234323,1.3723800037493756,2.8491818256795147,0.21154519849421405
KS,2018,8.200081137787786,6.807115858973955,5.567280575448359,8.83220833481174,8.323565532759266,8.070539313089999,1.392965278813831,3.264927759363381,0.25302621966926786
KS,2019,8.030851208224181,6.614915002725756,5.781374339118903,8.652186692047746,8.1331916609963,7.917765303390712,1.4159362054984248,2.8708123529288425,0.2154263576055877
KY,2009,7.62742954996198,6.599793433415661,5.708702966324823,7.88270403720427,7.800196648543817,7.458630693986176,1.0276361165463195,2.174001070879447,0.34156595455764016
KY,2010,7.78144608634931,6.797847498699113,5.679691060099931,8.059581748588322,7.834565433867173,7.731057148063663,0.9835985876501967,2.3798906884883904,0.10350828580350946
KY,2011,7.922134211785076,6.911596775050091,5.828575720444221,8.204817574480092,8.107450955485394,7.740972488175409,1.0105374367349853,2.3762418540358716,0.36647846730998523
KY,2012,7.876892406952823,6.855114012162288,6.119438005619074,8.107784942431364,8.046596584348048,7.704384898622346,1.0217783947905348,1.98834693681229,0.3422116857257018
KY,2013,7.834955170896444,6.807938526992658,5.947678012856367,8.09667825052348,8.05197975607403,7.622014031973674,1.0270166439037869,2.1490002376671127,0.42996572410035494
KY,2014,7.726021313001665,6.732719288684675,5.786852983754303,8.017850309258982,7.985627407790956,7.471688863570482,0.9933020243169901,2.2309973255046796,0.5139385442204736
KY,2015,7.629970796024382,6.667255185640018,5.665303572948404,7.917744542918314,7.884861432039431,7.381600667930146,0.9627156103843637,2.2524409699699097,0.5032607641092852
KY,2016,7.61687835554065,6.649994973409875,5.447934161747469,7.96777776030988,7.873020512439277,7.367998981590551,0.9668833821307752,2.519843598562411,0.505021530848726
KY,2017,7.604389617666758,6.627449216697324,5.353329448184936,7.93682955989035,7.924410673511948,7.286275183581745,0.9769404009694345,2.5835001117054146,0.6381354899302032
KY,2018,7.593777407709496,6.551505999200609,5.240947024671002,7.955369501143819,7.895914341922341,7.29360190318411,1.0422714085088867,2.7144224764728166,0.602312438738231
KY,2019,7.590855440722092,6.575516110596898,5.109276005782113,7.991449108506464,7.873761096319703,7.313583448388241,1.0153393301251938,2.8821731027243507,0.5601776479314626
LA,2009,7.103401588118366,,,,,,,,
LA,2010,7.139617034178471,6.336581861289762,5.834193417360038,8.360932075685774,7.107012254591968,7.171627083011828,0.8030351728887091,2.526738658325736,-0.06461482841985955
LA,2011,7.165951194655956,6.358910054799269,5.838181272263093,8.322203036652267,7.087493931766033,7.241533877718539,0.807041139856687,2.4840217643891744,-0.15403994595250659
LA,2012,7.154515973553251,6.383167893301035,5.885959860664255,8.276456691029965,7.104139319787981,7.204960635874784,0.7713480802522161,2.39049683036571,-0.10082131608680278
LA,2013,7.149607003488448,6.399683263079719,5.989658291812566,8.144768835337638,7.331791111265383,6.977538291323632,0.7499237404087289,2.1551105435250726,0.35425281994175073
LA,2014,6.94648995135514,6.181607459506429,5.770739872180989,8.026138400653657,7.099983481486846,6.801738758471263,0.7648824918487112,2.2553985284726688,0.2982447230155829
LA,2015,6.735490627908674,5.990986477820623,5.63580959909125,7.791987527531965,6.96895001926212,6.506039832548661,0.7445041500880505,2.156177928440716,0.46291018671345974
LA,2016,6.619390211961233,5.899023923377348,5.441627174007862,7.713416133830221,6.885875067833402,6.362601097145093,0.7203662885838851,2.2717889598223593,0.5232739706883098
LA,2017,6.496503886751768,5.738134182324834,5.233346941333472,7.68902506994095,6.771163481388758,6.231804658070939,0.7583697044269337,2.4556781286074782,0.5393588233178184
LA,2018,6.739474350418454,5.870827234103695,5.40732797826458,8.00050903488637,7.061037854537236,6.418918815312864,0.8686471163147589,2.5931810566217903,0.6421190392243723
LA,2019,6.975842942173071,6.0775399084511,5.562647869992647,8.30908410131434,7.313634820694356,6.642827802409835,0.8983030337219713,2.7464362313216935,0.6708070182845214
ME,2009,8.400529044911384,7.089911093450667,6.488028975687488,8.466016632813465,8.497286002690117,8.30500079675155,1.310617951460717,1.9779876571259773,0.19228520593856757
ME,2010,8.526931999177359,7.310021561264838,6.379780986323699,8.600074926379355,8.532324225204661,8.521460736312124,1.2169104379125208,2.2202939400556554,0.010863488892537632
ME,2011,8.653395210377663,7.406648867905926,6.208037887550322,8.73734202406085,8.581479282783175,8.719946578570742,1.246746342471737,2.529304136510527,-0.13846729578756722
ME,2012,8.649962624394691,7.364306584395297,6.173151251461179,8.737856760592951,8.75519193939525,8.543078890559444,1.2856560399993944,2.5647055091317723,0.21211304883580517
ME,2013,8.665750324821069,7.43322356383158,5.927411428148884,8.746859381840892,8.74746177865752,8.588929869326746,1.2325267609894892,2.8194479536920083,0.1585319093307742
ME,2014,8.478345478345107,7.142976943189828,6.019725595413349,8.570918659105663,8.635222223840909,8.323233680708997,1.335368535155279,2.551193063692314,0.31198854313191227
ME,2016,8.262354531575292,6.969049175581703,,8.353495800842225,8.437712677424042,8.090965057178428,1.2933053559935894,,0.3467476202456137
ME,2017,8.17990757520035,6.675553102098093,,8.275746594711626,8.333815396032616,8.030869250883185,1.5043544731022562,,0.30294614514943063
ME,2018,8.111856027788924,6.606457486082377,,8.222381796347154,8.238460911151462,7.986218308857793,1.5053985417065476,,0.252242602293669
ME,2019,8.04452343608608,6.615987217928263,,8.15648015054658,8.281627118590068,7.802353022512336,1.4285362181578165,,0.47927409607773175
MD,2009,8.35565139431475,6.456658182781453,6.471497427307743,9.734491776797691,8.510069631771936,8.200751179934624,1.8989932115332966,3.262994349489948,0.30931845183731177
MD,2010,8.351379515996477,6.453724781699594,6.432744897016607,9.75065177196651,8.525885068088575,8.176014989394993,1.897654734296883,3.3179068749499026,0.34987007869358244
MD,2011,8.359343695279215,6.518605439310685,6.428396355412291,9.776176501194962,8.44869152919752,8.272739179385153,1.84073825596853,3.3477801457826715,0.1759523498123663
MD,2012,8.41602118553146,6.536521726220064,6.491167718483048,9.844588600475683,8.577698125964003,8.255747294355935,1.8794994593113952,3.353420881992635,0.3219508316080688
MD,2013,8.466481314991636,6.680813568060519,6.703757977942337,9.788559253989208,8.656809801113393,8.274579927662227,1.785667746931117,3.0848012760468704,0.3822298734511662
MD,2014,8.255904038059853,6.493616015316256,6.440001541797473,9.630178973558412,8.453149915649373,8.053963724361877,1.762288022743597,3.1901774317609384,0.39918619128749633
MA,2009,9.508775204955034,7.314410482715264,7.188552096368069,10.11633514311847,9.557893046253866,9.461063712523142,2.1943647222397704,2.9277830467504007,0.09682933373072444
MA,2010,9.497925092013777,7.53055323332176,7.449401644304853,10.01858662830295,9.507632981938,9.488476984735318,1.9673718586920161,2.569184983998097,0.019155997202682684
MA,2011,9.497133580511852,7.629466038855126,7.462269985955002,10.0129041185166,9.519476674002508,9.47578551580504,1.8676675416567257,2.5506341325615978,0.04369115819746838
MA,2012,9.634324006961126,7.667131031011975,7.49997105766926,10.21984134409534,9.62810277559915,9.641091601887457,1.9671929759491515,2.7198702864260795,-0.01298882628830711
MA,2013,9.773690428580124,7.946986316463352,7.819700546514028,10.31252944200282,9.910608973683226,9.635385703833332,1.8267041121167722,2.492828895488792,0.275223269849894
MA,2014,9.597444618757285,7.771298658589838,7.571222827569804,10.12614047087321,9.723700254330495,9.47334875019932,1.8261459601674472,2.5549176433034058,0.25035150413117613
MA,2016,9.373690768939747,7.436944721075446,7.327779276038649,9.879881577273546,9.595181855125634,9.143710131971762,1.9367460478643013,2.5521023012348962,0.4514717231538725
MA,2017,9.398336406567712,7.297432603085344,7.09832858560191,9.974697615590172,9.5942753981468,9.20845436558744,2.1009038034823675,2.876369029988262,0.3858210325593614
MA,2018,9.248303611319384,7.092404269534275,7.086717296147375,9.836722236783904,9.52637073415656,8.974185879287237,2.1558993417851093,2.7500049406365292,0.5521848548693225
MA,2019,9.09278475446422,6.845001828805266,6.931183381253354,9.73457243889491,9.290507753027155,8.900150925632435,2.2477829256589548,2.8033890576415557,0.39035682739472044
MI,2009,7.443973333638587,5.974676999077056,5.160520273526687,8.119071946018662,7.280072881324374,7.611617866256996,1.4692963345615304,2.958551672491976,-0.33154498493262174
MI,2010,7.515953180583513,6.133593018121468,5.266804810059018,8.170457164791316,7.455128884360501,7.578199179289739,1.382360162462045,2.903652354732298,-0.1230702949292386
MI,2011,7.621079293179354,6.311954249905617,5.51695513975031,8.212383180665638,7.544642883042222,7.698305341889003,1.3091250432737365,2.6954280409153277,-0.15366245884678076
MI,2012,7.72451131938508,6.395224997751034,5.379141860291672,8.344416973195555,7.640765985262441,7.805415244632337,1.3292863216340463,2.965275112903883,-0.16464925936989516
MI,2013,7.786656190845761,6.393643896194511,5.413719813571845,8.405444190885527,7.808625966041595,7.762531286284417,1.3930122946512506,2.991724377313682,0.046094679757178625
MI,2014,7.734615416764491,6.362264132389373,5.1802831258926,8.372999622905091,7.724884337793334,7.744738677725313,1.3723512843751182,3.1927164970124915,-0.019854339931979048
MI,2015,7.629556057468654,6.255546447611958,5.096574770346405,8.237909471145619,7.728161150194967,7.529880173327745,1.3740096098566958,3.141334700799214,0.19828097686722135
MI,2016,7.652845637341059,6.190509259099706,5.127850171129275,8.279902304340418,7.838750830027446,7.462981555888974,1.4623363782413534,3.152052133211143,0.37576927413847194
MI,2017,7.666154720199436,6.058807989466853,4.953545964513949,8.332309799057635,7.889061591249625,7.438435945735911,1.6073467307325826,3.378763834543686,0.4506256455137141
MI,2018,7.702254675303416,6.232234336569466,5.025751995238739,8.334494423443529,7.944041632802866,7.454095050463717,1.47002033873395,3.3087424282047895,0.48994658233914823
MI,2019,7.721767036801053,6.237782768699906,4.943277522074076,8.430459074868129,7.822742873785542,7.618454664687312,1.483984268101147,3.487181552794053,0.20428820909822942
MN,2009,9.163249579032138,7.300929043032309,6.237898202967591,9.725078094776874,9.171213047117096,9.160161449825678,1.862320535999829,3.4871798918092836,0.011051597291418247
MN,2010,9.20197005898888,7.467350116827068,6.431284834837911,9.749186975475862,9.311875112427987,9.093983490024089,1.734619942161813,3.317902140637951,0.21789162240389892
MN,2011,9.214687460717188,7.527472274584469,6.634053172853463,9.769806978177323,9.306894645301393,9.12547281059093,1.6872151861327191,3.1357538053238603,0.1814218347104628
MN,2012,9.217462635989158,7.515627506425174,6.447092050933564,9.772962998957489,9.247878616679223,9.18611777716805,1.7018351295639835,3.3258709480239252,0.06176083951117306
MN,2013,9.193590420856614,7.320718246084472,6.281292027270302,9.808057024174683,9.321798909559948,9.064750648748356,1.8728721747721417,3.5267649969043813,0.25704826081159204
MN,2014,9.161234028225897,7.341076221617211,6.345702195465319,9.758475547358652,9.302525468802182,9.019398100579773,1.8201578066086856,3.4127733518933328,0.28312736822240936
MN,2015,9.116105734572836,7.237096081143115,6.335428040667029,9.750638876413008,9.289989308091032,8.938714354777643,1.879009653429721,3.415210835745979,0.3512749533133892
MN,2016,9.126228915487156,7.176302040852311,6.263497306230175,9.81006240568075,9.323565256425333,8.926579206520293,1.949926874634845,3.546565099450575,0.39698604990504016
MN,2017,9.11641220415572,7.087065858397615,6.097239904547531,9.813344149968271,9.316542260713767,8.910198735644526,2.029346345758105,3.7161042454207402,0.4063435250692411
MN,2018,8.966018848136866,6.927115482894779,5.939040859418984,9.725346098355732,9.198811116599186,8.72244958960888,2.0389033652420867,3.786305238936748,0.4763615269903063
MN,2019,8.797148234980092,6.636932908174339,5.710494776580518,9.602835677633154,9.04002021765948,8.542316601325991,2.160215326805753,3.892340901052636,0.4977036163334887
MS,2009,6.391315698496171,5.483252923302524,5.368726188627184,7.512371592099153,6.66635146337619,6.107965635278621,0.9080627751936472,2.143645403471969,0.5583858280975686
MS,2010,6.600486787755709,5.782334356664808,5.624600857599322,7.592658303723392,6.996852830423768,6.210565170087341,0.8181524310909003,1.96805744612407,0.7862876603364262
MS,2011,6.794246450051194,5.9401128936884,5.783980205884649,7.824069888344391,7.163945959517775,6.429312715000895,0.8541335563627941,2.040089682459742,0.7346332445168793
MS,2012,6.898986395208418,6.072445969152152,5.815386680955118,7.990154274822449,7.204610647338903,6.594954966282518,0.8265404260562654,2.1747675938673305,0.6096556810563847
MS,2013,6.998713168111865,6.123908886132654,5.84646977344503,8.14171874183616,7.36395790828496,6.630503999670147,0.8748042819792117,2.29524896839113,0.7334539086148135
MS,2014,6.987810496029205,6.159163185913718,5.980912585160368,8.021887663753335,7.261305500801829,6.713522098758071,0.8286473101154872,2.0409750785929663,0.5477834020437573
MS,2015,6.959494520521642,6.188560028820706,5.712384742914779,8.244451264077579,7.247122035214265,6.680127376175123,0.7709344917009364,2.5320665211628004,0.5669946590391426
MS,2016,6.965816768899786,6.067199608997924,5.658066037920555,8.277260827508426,7.202667255150217,,0.8986171599018622,2.619194789587871,
MS,2017,6.957321976051996,6.057675639760367,5.670530459587075,8.226152908171862,7.193297221194364,6.729221949725456,0.8996463362916289,2.5556224485847867,0.46407527146890803
MS,2018,7.095668862492975,6.181793112186203,5.828097405164053,8.343084850048996,7.444828473387228,6.755618140078498,0.9138757503067714,2.5149874448849427,0.68921033330873
MS,2019,7.208930414536607,6.313231802690823,5.95982711438405,8.460549056670747,7.559203770918703,6.865789948054821,0.8956986118457841,2.500721942286696,0.6934138228638824
MO,2009,8.293811980532695,6.998132066669871,6.009690170736095,8.818685158059637,8.310476025784952,8.280691818735596,1.2956799138628234,2.8089949873235422,0.02978420704935658
MO,2010,8.158639182944615,6.945954699054914,6.007030717674677,8.619506168239186,8.161542621495332,8.159139728913543,1.212684483889701,2.6124754505645083,0.0024028925817898283
MO,2011,8.030214222005885,6.768884814950891,5.724381997241471,8.53419094329714,8.049514726003498,8.014467497094444,1.261329407054994,2.8098089460556697,0.035047228909053985
MO,2012,8.072891370465607,6.879234848480658,5.83459493338285,8.57013960321214,8.120153529394704,8.028244051352596,1.1936565219849493,2.7355446698292907,0.09190947804210836
MT,2009,8.8225309279,7.38627361457079,7.990577316385125,9.17978333164209,8.779887154620388,8.87904815316519,1.436257313329211,1.189206015256965,-0.09916099854480187
MT,2010,8.92574171908988,7.541979426070538,7.332047392823659,9.296459463302863,8.89631237003384,8.976066841041028,1.3837622930193412,1.964412070479204,-0.07975447100718824
MT,2011,9.024231883828596,7.730054611983363,7.559557365289026,9.426892401029685,9.110307032343384,8.959660676757231,1.2941772718452338,1.8673350357406582,0.15064635558615258
MT,2012,8.868485298616305,7.578033320523937,6.914269344575338,9.278074474835591,8.910451469966675,8.85705228346442,1.290451978092368,2.3638051302602534,0.05339918650225606
MT,2013,8.71026816853397,7.53658868582758,7.398809867865823,9.133921538049607,8.799276442357906,8.624632641440428,1.1736794827063903,1.7351116701837848,0.17464380091747778
MT,2016,8.501947522550624,7.275734364381531,7.404166197818232,8.940867512818386,8.668120904780082,8.32826737330802,1.2262131581690934,1.5367013150001538,0.33985353147206254
MT,2017,8.387685997668298,7.148252339160982,6.475901938250519,8.84793392414286,8.622589912004145,8.149049222998146,1.2394336585073154,2.37203198589234,0.47354068900599877
MT,2018,8.348351922902257,6.956602295425504,6.820257754771211,8.842053675353425,8.562140638481644,8.134520116814167,1.3917496274767531,2.021795920582214,0.42762052166747644
MT,2019,8.261844705519545,6.914751525775724,,8.756892362154158,8.52443567659826,7.983117545027186,1.3470931797438208,,0.5413181315710744
NE,2011,8.135877798656615,6.691371886235614,4.874905254880368,8.761627238954674,8.1824361034387,8.088879735213114,1.4445059124210013,3.8867219840743052,0.09355636822558644
NE,2012,8.250459678861837,6.786451006192069,5.130006928029506,8.896402594317344,8.264002750157282,8.236189614239054,1.4640086726697685,3.7663956662878375,0.02781313591822787
NE,2013,8.324532313818843,6.886877580291146,5.281339447328198,8.961306612243852,8.340046830654948,8.304751365930986,1.4376547335276966,3.679967164915655,0.035295464723962056
NE,2014,8.44718308448757,6.987033498763267,5.098036878035565,9.10180509748156,8.504456323253693,8.39278498233422,1.4601495857243023,4.003768219445995,0.1116713409194734
NE,2015,8.481205093069907,6.979672152496455,5.516481828066543,9.163946494792224,8.672502850673121,8.283407909812981,1.5015329405734512,3.647464666725681,0.38909494086014007
NE,2016,8.569099210857841,7.008897256816619,5.699035464898441,9.298061489058655,8.719895067224533,8.4164096765793,1.5602019540412222,3.5990260241602146,0.30348539064523194
NE,2017,8.626966601278902,6.989959565987116,5.648482965853951,9.36937664344185,8.741263901078808,8.518111264487505,1.637007035291786,3.720893677587899,0.22315263659130302
NE,2018,8.520698808884404,6.872994697726018,5.039518543293693,9.22763104091726,8.68469784220659,8.349034049273481,1.6477041111583866,4.188112497623567,0.33566379293310966
NE,2019,8.417102746475244,6.858539508052533,5.151787066552785,9.175736935818184,8.579820881106183,8.245800510146037,1.5585632384227113,4.023949869265399,0.3340203709601468
NV,2009,7.220573551574323,6.123973616818602,5.629920381254127,8.271318845812853,7.206191541214454,7.234417370767261,1.0965999347557212,2.6413984645587263,-0.028225829552806836
NV,2010,7.385765009319787,6.341981131799002,6.003221585806752,8.28064311896839,7.426526751398381,7.347555330968838,1.0437838775207853,2.277421533161638,0.07897142042954286
NV,2011,7.547763553386075,6.653327956992478,5.947046803263328,8.40069712060693,7.726652294560567,7.374431884708023,0.8944355963935973,2.4536503173436017,0.3522204098525439
NV,2012,7.587431750097857,6.716465700213876,5.915381516126907,8.427267904320056,7.780513056969707,7.397684025018916,0.8709660498839815,2.5118863881931484,0.38282903195079143
NV,2013,7.647727186682095,6.727323313885393,5.971018499432706,8.552540808145016,7.842070092761412,7.447535730224872,0.9204038727967019,2.5815223087123105,0.3945343625365405
NV,2016,7.385616623785007,6.355810489324362,5.167156797515592,8.623742481000713,7.565000033858019,7.207242840364953,1.029806134460645,3.4565856834851214,0.35775719349306634
NV,2017,7.368326937417805,6.296185199946824,5.209118955603584,8.65787821328318,7.599357432649009,7.134068097846431,1.0721417374709814,3.448759257679596,0.46528933480257884
NV,2018,7.303092562059533,6.34161066430396,5.065572245071932,8.511515118645349,7.545855461592765,7.043715360836006,0.961481897755573,3.4459428735734168,0.5021401007567592
NV,2019,7.23222200815509,6.221862625117957,5.098930498302512,8.44909364424415,7.540604742701342,6.910363412006165,1.010359383037133,3.3501631459416386,0.6302413306951768
NH,2009,8.928484420485379,6.625391747443606,,,,,2.303092673041773,,
NH,2010,8.956007957347847,7.071803016951937,,,8.90316287273286,9.008213268845015,1.88420494039591,,-0.10505039611215494
NH,2011,8.988935965143066,7.216290560348265,,,8.93100363769386,9.046594897144338,1.7726454047948002,,-0.11559125945047732
NH,2012,9.16925191824414,7.380140146530281,6.625671951051027,9.291018343653802,9.23142227732748,9.109093680684742,1.7891117717138583,2.6653463926027747,0.12232859664273832
NH,2013,9.366477869438237,7.706987295154685,7.289607614973318,9.471559771465945,9.490445925717989,9.247781590619503,1.6594905742835513,2.1819521564926267,0.2426643350984854
NH,2014,9.279140952674036,7.657690365199328,7.088087512459963,9.388113256663573,9.462657391114032,9.107933598462036,1.6214505874747074,2.3000257442036096,0.3547237926519955
NH,2016,9.173750655476749,,,9.292133421928517,,8.95216888565831,,,
NH,2018,8.81696479659516,,,8.920873369034116,8.951453876286992,8.679670845237611,,,0.27178303104938095
NH,2019,8.542375374729229,,,8.650975439090258,,8.43492710299871,,,
NJ,2009,9.0746307213874,7.060060122461078,6.521273306207776,9.933026192803162,8.980570701117767,9.176375786829327,2.0145705989263227,3.4117528865953854,-0.19580508571156052
NJ,2010,9.076892695581442,7.211312099333118,6.687378325233158,9.896805553090536,8.966031505701421,9.197441120340663,1.865580596248324,3.209427227857378,-0.23140961463924192
NJ,2011,9.104822552257115,7.325049250566988,6.773961539010173,9.904176324065062,9.001807517743112,9.217876438348505,1.7797733016901267,3.130214785054889,-0.21606892060539273
NJ,2012,9.229845619832773,7.440003696092751,6.876256899951732,10.04735417491931,9.15604150833014,9.308236061887674,1.7898419237400214,3.171097274967577,-0.15219455355753375
NJ,2013,9.352724496200134,7.644172227787315,7.039304081329955,10.14650683408965,9.352602728894386,9.35266298799266,1.7085522684128183,3.1072027527596946,-6.025909827478415e-05
NJ,2014,9.237483650748272,7.415392762398412,6.830099309815712,10.07023816140362,9.229926173346502,9.2509319837282,1.8220908883498605,3.240138851587907,-0.021005810381698353
NM,2009,6.712584379584876,5.867215552224699,6.236947325036352,8.270819998376613,6.794000396450321,6.599364599746741,0.8453688273601774,2.0338726733402606,0.19463579670358033
NM,2010,6.970140272922583,6.218365819844536,6.133798507396331,8.39418903422364,7.06028151382041,6.884493468079615,0.7517744530780472,2.260390526827309,0.17578804574079498
NM,2011,7.253784215669747,6.568229323668755,6.695728323681896,8.63591609982491,7.286391540255345,7.224209278111635,0.6855548920009928,1.9401877761430129,0.062182262143710254
NM,2012,7.190219981509071,6.532567318307206,6.807835012673761,8.605888216727978,7.197272931285856,7.184816242615186,0.6576526632018656,1.7980532040542174,0.012456688670670069
NM,2013,7.119408135080178,6.4846270740729,6.235908084500574,8.474888487628167,7.281316482426666,6.964954672869794,0.6347810610072777,2.2389804031275933,0.3163618095568719
NM,2014,7.03491493741273,6.420466040276837,6.624561155431367,8.34573389311294,7.141698422674272,6.932002772154261,0.614448897135893,1.721172737681572,0.20969565052001116
NM,2015,6.73592728769818,6.086014440030659,6.108153506212978,8.212096395073047,7.003010370771309,6.470734117588671,0.6499128476675216,2.103942888860069,0.5322762531826388
NY,2009,8.028136786356244,6.880239377343874,6.114631233447795,8.90538890905441,8.203061561015794,7.858617531855345,1.1478974090123701,2.790757675606616,0.3444440291604485
NY,2010,7.952837261737344,6.9412986678,6.158901925121816,8.72296347480782,8.16853037689076,7.744728146809211,1.0115385939373445,2.564061549686004,0.4238022300815478
NY,2011,7.903703742175733,6.899605568143518,6.180079166562772,8.625823280577272,8.03183374832601,7.777595671581304,1.0040981740322144,2.4457441140145004,0.25423807674470567
NY,2012,7.944794994596958,6.881661519535348,6.242210151911511,8.658016343209887,8.067318920726365,7.824427674204409,1.0631334750616093,2.415806191298376,0.24289124652195593
NY,2013,8.071538842228899,6.975566085936434,6.301246311062751,8.804748953396684,8.17341924043875,7.968444559528645,1.0959727562924648,2.5035026423339337,0.20497468091010607
NC,2009,8.214645327273995,6.749740659658107,6.373524791900415,9.27037228590436,8.393998991843572,8.044996800445158,1.4649046676158886,2.8968474940039446,0.34900219139841404
NC,2010,8.299610868837158,6.952128633470625,6.524481568618024,9.309117913186578,8.43905403193219,8.164590371165625,1.3474822353665328,2.784636344568553,0.2744636607665658
NC,2011,8.383188095734994,7.063413333206127,6.659536562022208,9.370474680193068,8.529974721533051,8.237218094262586,1.3197747625288665,2.7109381181708603,0.2927566272704656
NC,2012,8.363872858367579,7.059281358323716,6.619805762239202,9.361618757309436,8.547165576173278,8.18389290185964,1.3045915000438626,2.7418129950702346,0.3632726743136381
NC,2013,8.340592834397523,7.06363037552758,6.542940913892069,9.377936550779957,8.42962108343132,8.249592566075505,1.2769624588699422,2.8349956368878875,0.18002851735581515
NC,2014,8.147758883461146,6.828201294417209,6.35944952355636,9.219573430601528,8.266561127476121,8.026399040787096,1.3195575890439368,2.8601239070451685,0.2401620866890255
NC,2015,7.951999344142081,6.602520777509486,6.123137375449481,9.038572307083722,8.102718957402882,7.799113555473728,1.3494785666325946,2.915434931634241,0.3036054019291541
NC,2016,7.958632845961076,6.512075246539677,6.108226600481436,9.08398427243532,8.149045186883907,7.768278398162108,1.446557599421399,2.9757576719538834,0.3807667887217985
NC,2017,7.96127461419887,6.399038967551413,5.983944841562717,9.155022490145768,8.134803344573173,7.788654562129342,1.5622356466474567,3.1710776485830507,0.34614878244383096
NC,2018,8.048968441721705,6.399118098369001,6.057852805603271,9.24579168566468,8.289751642845623,7.810087353241032,1.6498503433527043,3.1879388800614086,0.4796642896045906
NC,2019,8.106636137178453,6.479921543844812,6.280405862718131,9.263392288974332,8.45359742330142,7.739937224841217,1.6267145933336415,2.9829864262562014,0.7136601984602038
ND,2009,8.778665380903645,7.582970812631634,6.194306802149672,9.142377508980337,8.707381192954552,8.841410218184935,1.1956945682720104,2.9480707068306646,-0.13402902523038307
ND,2010,8.795408975224113,7.544087167751894,6.758446882734095,9.152915116533672,8.699505507105746,8.886437969568334,1.2513218074722188,2.394468233799577,-0.18693246246258788
ND,2011,8.763716970394114,7.267501027385324,6.128116267909259,9.233811559003742,8.750481271812765,8.763242667576009,1.4962159430087896,3.1056952910944835,-0.012761395763243755
ND,2012,8.705318245565849,7.305726134202996,6.463371034543413,9.195236913757116,8.738207999158556,8.681863363430873,1.3995921113628524,2.7318658792137027,0.05634463572768311
ND,2013,8.746487875747533,7.321573359214476,6.926015754001565,9.123589817510688,8.765532369381441,8.728043092156238,1.4249145165330575,2.1975740635091228,0.037489277225203566
ND,2014,8.661905224714516,7.197863537026437,6.626790837889436,9.085043992372388,8.710471126915257,8.615192469098027,1.4640416876880789,2.458253154482952,0.09527865781723044
ND,2016,8.53554029123122,6.881886221278183,6.382275299658717,9.064381860956146,8.662637645973073,8.396825719176338,1.6536540699530367,2.682106561297429,0.2658119267967347
ND,2017,8.539120852642688,6.793922316653575,6.410893959786298,9.107327042150564,8.82879260391655,8.231190289738104,1.745198535989113,2.6964330823642655,0.597602314178447
ND,2018,8.461552804287411,6.87759442924273,6.577311548268987,8.9865646678156,8.50824449568088,8.411307229684205,1.5839583750446815,2.409253119546613,0.09693726599667585
ND,2019,8.303167050417724,6.644754120875074,5.924578032744106,8.915867317855428,8.366453800609923,8.235982400254192,1.6584129295426493,2.9912892851113213,0.1304714003557308
OH,2009,8.130506257260574,6.408787753920056,5.548488185230533,8.646421596596857,8.160234655982611,8.101463444948044,1.7217185033405178,3.0979334113663244,0.05877121103456773
OH,2010,8.280846656720529,6.755037609379276,5.866536526268964,8.745289204591277,8.323354905452467,8.239196758664708,1.5258090473412533,2.8787526783223125,0.08415814678775924
OH,2011,8.430609005346708,6.95589118151886,5.959935894898801,8.958718433879632,8.33882366872687,8.519545090854926,1.4747178238278487,2.998782538980831,-0.1807214221280553
OH,2012,8.531937900371815,7.07672914986305,6.145153831917211,9.051299075267597,8.511623699388966,8.552515190375937,1.4552087505087652,2.9061452433503856,-0.040891490986970425
OH,2013,8.649896730398687,7.175239255069768,6.183197709218087,9.197147867037655,8.675800442477595,8.625095143335884,1.474657475328919,3.0139501578195684,0.05070529914171118
OK,2009,7.173667710583821,6.256148167428501,5.95006323311856,7.682680451189277,7.176729190200068,7.185900379074336,0.9175195431553202,1.7326172180707164,-0.0091711888742676
OK,2010,7.2655162464927,6.383975521599899,5.863440963571266,7.757410138707821,7.223554069437084,7.3147434846516,0.8815407248928011,1.8939691751365553,-0.09118941521451607
OK,2011,7.345393110699439,6.490756914034251,5.856432708395484,7.858624723716992,7.332655358909957,7.357576649044372,0.8546361966651874,2.0021920153215076,-0.02492129013441513
OK,2014,7.313954316930338,6.402595069765228,5.719668213290309,7.817063679319962,7.492970072285186,7.135902145476659,0.9113592471651097,2.0973954660296528,0.3570679268085275
OK,2015,7.273732356035667,6.394483545871406,5.817404788262972,7.800837479079173,7.447231050304889,7.101184578961741,0.8792488101642606,1.9834326908162012,0.3460464713431479
OK,2016,7.265951681662516,6.370655442675342,5.795027203507375,7.828343093570179,7.49051384712989,7.038652365090582,0.8952962389871741,2.0333158900628048,0.4518614820393081
OK,2017,7.324851669166469,6.498185373809613,5.853283923273281,7.914644903885027,7.518768261337121,7.119571352909741,0.8266662953568558,2.061360980611746,0.3991969084273803
OK,2018,7.402292730772143,6.553037221905696,5.813375497701947,8.009840768635637,7.526214001046236,7.272940962030175,0.8492555088664471,2.1964652709336905,0.2532730390160616
OK,2019,7.398714273181957,6.605290646542758,5.789256129502104,7.923124740424069,7.551038355831269,7.238569641858642,0.793423626639199,2.133868610921965,0.31246871397262677
OR,2009,8.168119315188974,6.869077966020528,6.195882861384499,8.582208282772184,8.03405938374521,8.305122849709617,1.299041349168446,2.386325421387685,-0.27106346596440645
OR,2010,8.08065962479046,6.936864129623163,6.220986780615747,8.495159480320098,7.962227165007655,8.197597105573916,1.1437954951672973,2.2741726997043505,-0.23536994056626082
OR,2011,8.025337385641844,6.903192966879014,5.774489198521463,8.44499366931565,8.006050471676739,8.043449265913168,1.1221444187628302,2.670504470794187,-0.03739879423642911
OR,2012,8.045824187260287,6.933442880649269,6.313790439565619,8.430643361284293,8.072066713589805,8.021075655682075,1.1123813066110175,2.1168529217186745,0.05099105790772995
OR,2013,8.085663906078773,6.943811491642546,5.999422730385102,8.507551178082762,8.116457851349224,8.054910372922745,1.1418524144362268,2.5081284476976604,0.061547478426479785
OR,2015,7.979436733765659,6.919918929990772,,8.421342874903601,8.152140306924444,7.801188043723267,1.0595178037748862,,0.35095226320117767
OR,2016,7.964221288946656,6.86915600973426,,,,7.806254267692227,1.0950652792123963,,
PA,2009,8.463981226795818,6.836378457706443,6.379276855208921,9.000253402617055,8.467550297757363,8.469849678125652,1.6276027690893748,2.6209765474081337,-0.002299380368288695
PA,2010,8.416669959084789,6.811410932887758,6.287874437723787,8.948859688674052,8.430309520050491,8.415080578814727,1.6052590261970314,2.6609852509502643,0.015228941235763571
PA,2011,8.329583382759667,6.695942541116271,6.115892566481718,8.892760101880722,8.342347457514183,8.319661616239456,1.6336408416433956,2.7768675353990036,0.02268584127472728
PA,2012,8.506667028261695,6.905663715387029,6.284710667287998,9.076863223410015,8.614045336537334,8.400683926292896,1.6010033128746661,2.7921525561220175,0.21336141024443833
PA,2013,8.659769472217421,7.117008844731306,6.504745522059221,9.264071254698424,8.723466861607749,8.596979917481868,1.5427606274861159,2.7593257326392022,0.12648694412588135
PA,2014,8.292245441727555,6.747929297413138,6.115808246193867,8.871636456166994,8.505624068114097,8.077777575502338,1.5443161443144175,2.755828209973127,0.4278464926117582
PA,2015,8.107025442294255,6.410219255297189,5.635625832171463,8.773998639872511,8.260590647033608,7.947045420404568,1.6968061869970654,3.1383728077010478,0.3135452266290395
PA,2016,8.269288298406018,6.603985508926487,5.641136126296904,8.97284947339228,8.452727118837279,8.084108515868056,1.6653027894795303,3.331713347095376,0.36861860296922266
PA,2017,8.416627209495559,6.742039182944204,5.588581605921764,9.126644651200444,8.627870291680477,8.199269272346857,1.6745880265513549,3.5380630452786797,0.4286010193336196
PA,2018,8.378894223293798,6.676518174273529,5.580485098254926,9.114316372218129,8.669838939880893,8.084073933006007,1.7023760490202697,3.5338312739632025,0.5857650068748868
PA,2019,8.295876500074925,6.489186478786444,5.469630509850477,9.129049910264936,8.623959158997534,7.946412924814142,1.8066900212884809,3.6594194004144587,0.6775462341833922
RI,2009,7.598058583912461,5.933388903118697,5.459003363390043,8.39770459354908,7.598676818299728,7.600088724166987,1.6646696807937635,2.938701230159036,-0.0014119058672594775
RI,2010,7.838750212936907,6.242618136482555,5.752183478286478,8.61381745853645,7.778190158016806,7.894838281365874,1.596132076454352,2.861633980249973,-0.11664812334906749
RI,2011,8.107631064455035,6.584330460840292,6.130845885350063,8.925709021895074,8.088182964814044,8.124653081628292,1.523300603614743,2.7948631365450103,-0.0364701168142485
RI,2012,8.181898763345096,6.65354690311301,6.411740817776228,9.100927261579407,8.187699656145439,8.180438451376215,1.5283518602320862,2.6891864438031794,0.007261204769223539
RI,2013,8.260648966511475,6.632777146245045,6.292403847176419,9.135701334698032,8.288218806633049,8.23869613953424,1.6278718202664297,2.843297487521613,0.04952266709880959
RI,2014,8.109407101379485,6.57504109404775,6.166000319531357,8.998159055892897,8.170388282029712,8.057217590279356,1.5343660073317356,2.8321587363615395,0.11317069175035677
RI,2016,7.773980436723314,6.164104761442586,5.62453241942241,8.887789235922309,7.982920592479593,7.581414067297406,1.609875675280728,3.263256816499899,0.401506525182187
RI,2017,7.552893257304663,5.767042688211029,5.567211981294069,8.623777513921876,7.796166007260443,7.298675289596459,1.7858505690936344,3.0565655326278076,0.4974907176639842
RI,2018,7.481422708033892,5.713567166745316,5.424360290347606,8.616360378171894,7.730657262152807,7.237501475846629,1.7678555412885766,3.1920000878242885,0.4931557863061782
RI,2019,7.43611826020948,5.662805988740912,5.608516806837546,8.646505668354829,7.685772770802917,7.176827351750493,1.7733122714685683,3.0379888615172828,0.5089454190524236
SC,2009,7.6804134750802,6.459056896805598,6.157197755811795,8.781256397800268,7.773186062066925,7.587661281264449,1.2213565782746016,2.624058641988473,0.18552478080247603
SC,2010,7.727894738183623,6.535234529902857,6.227031896127901,8.746750400138119,7.839622156039268,7.613269796168447,1.192660208280766,2.5197185040102177,0.22635235987082147
SC,2011,7.870199760990991,6.665452677669207,6.415041825171836,8.754932413052577,8.13848746510056,7.59767457790419,1.2047470833217835,2.339890587880741,0.5408128871963704
SC,2012,7.76581467471734,6.616080226802751,6.2019863570619,8.805070376209496,7.928803528773716,7.597891161707814,1.1497344479145895,2.6030840191475964,0.33091236706590177
SC,2013,7.782915944587518,6.663603633281673,6.298628355084066,8.749203628310884,7.980209064560249,7.571694890057826,1.119312311305845,2.450575273226818,0.40851417450242344
SC,2014,7.594368024707989,6.506860643056002,6.21254290861941,8.532243129308593,7.855947176504593,7.311763344932121,1.087507381651987,2.3197002206891835,0.5441838315724716
SC,2015,7.426444314472023,6.465375169207141,5.697804018036758,8.606964851160894,7.636043069900683,7.206220076134247,0.9610691452648821,2.909160833124136,0.42982299376643596
SC,2016,7.357216405665244,6.23216279380468,5.774887627116017,8.413580875169258,7.605998565121046,7.099045236723733,1.1250536118605634,2.63869324805324,0.5069533283973131
SC,2017,7.299948092363724,6.096665663315078,5.521835727053035,8.43247263622469,7.572152944529551,7.018203043256926,1.2032824290486461,2.9106369091716546,0.5539499012726248
SC,2018,7.370699479843469,6.187150311095579,5.614785052952969,8.502272351688228,7.717092577650098,7.005342707594616,1.1835491687478905,2.8874872987352598,0.7117498700554812
SC,2019,7.444838001630057,6.25901785537716,5.655114390431616,8.644308421633205,7.808275588749743,7.052403413333977,1.1858201462528966,2.989194031201589,0.7558721754157665
SD,2009,8.519337075144096,6.844692039878076,6.724631326026115,9.277550433317913,8.541267923937761,8.481343850821917,1.6746450352660194,2.552919107291798,0.05992407311584458
SD,2010,8.581296060390864,7.115411091248029,7.076755502825388,9.278043853758076,8.660954981099012,8.515176662598435,1.4658849691428353,2.201288350932688,0.145778318500577
SD,2011,8.578435570702405,7.089397451801811,6.966037769804474,9.236265175871884,8.636569100858503,8.493794416063253,1.4890381189005941,2.2702274060674092,0.1427746847952509
SD,2012,8.424931490509469,6.968845633741061,7.245090225119056,9.152583092621422,8.621465895761784,8.319726594978906,1.4560858567684072,1.9074928675023655,0.30173930078287725
SD,2013,8.52032897327808,7.093341082848948,6.66162979274806,9.058228771169796,8.626135321533903,8.425042189268964,1.4269878904291318,2.3965989784217365,0.20109313226493875
SD,2015,8.246655788202927,6.832403919029685,6.34727969018686,8.752762227052525,8.39579069812439,8.089251890642402,1.4142518691732429,2.405482536865665,0.3065388074819886
SD,2016,8.12789780123199,6.264428792627505,6.20200878007032,8.916296256458011,8.312911941911201,7.942181427808595,1.8634690086044854,2.7142874763876916,0.3707305141026058
SD,2017,8.120613389683221,6.223016970522851,6.332248264455851,9.00745486870426,8.3868318507855,7.841560586830052,1.8975964191603705,2.675206604248409,0.5452712639554473
SD,2018,8.43826640876586,6.693135197165796,5.998464541186713,9.086742836325064,8.598767217626042,8.279047219699619,1.7451312116000643,3.088278295138351,0.31971999792642336
SD,2019,8.261079579199613,6.352590624569924,6.060383629279966,9.141569588264328,8.555634839277433,7.964735793675215,1.9084889546296893,3.0811859589843626,0.5908990456022183
TX,2009,8.280176377366013,7.3511633543474,6.909816029077096,9.399034359013994,8.262791461801804,8.298633718486881,0.9290130230186131,2.4892183299368984,-0.035842256685077345
TX,2010,8.468865920730408,7.575962239164563,7.229631709550992,9.522940330023054,8.516799318878999,8.424920879675625,0.8929036815658451,2.2933086204720627,0.09187843920337357
TX,2011,8.65896347884841,7.820832010403083,7.470038243077105,9.662710020699032,8.718499933500805,8.602600817339283,0.8381314684453267,2.1926717776219276,0.11589911616152193
UT,2014,8.337879462757623,6.860528043279435,5.592400783253036,8.866915722748471,8.382148374055635,8.290971346825675,1.4773514194781887,3.274514939495435,0.09117702722996057
UT,2015,8.409370495265017,6.923080596693498,5.801824010474297,8.979688176483378,8.469457908945568,8.348990409768474,1.4862898985715196,3.1778641660090816,0.12046749917709398
VT,2009,8.987333356776487,7.374303501277555,7.155356964227153,9.017921231860218,9.018588142253796,8.953568619484015,1.6130298554989322,1.862564267633065,0.06501952276978074
VT,2010,9.0699061273377,7.363932544218691,6.926122359933924,9.103874752876454,9.062262744269884,9.076822607617803,1.7059735831190102,2.17775239294253,-0.014559863347919588
VT,2011,9.144408841226053,7.511970801856122,6.672209460220778,9.196922599233938,9.167399282886002,9.120316749818258,1.632438039369931,2.5247131390131594,0.04708253306774424
VT,2012,9.236665696824211,7.674129384706878,5.942435990982106,9.31417802117658,9.28228781834948,9.1912159628473,1.5625363121173335,3.3717420301944747,0.09107185550218055
VT,2013,9.326900962303837,7.796773913357471,7.04203255844659,9.39514958356956,9.51205842581038,9.150229150432242,1.5301270489463654,2.3531170251229705,0.36182927537813825
VT,2014,9.070357361234176,7.52183154809489,6.6273042437464,9.126373240469745,9.239788695289931,8.899378459182918,1.5485258131392863,2.499068996723345,0.3404102361070134
VT,2015,8.845694757500585,7.347099174855961,6.537411362575233,8.909741485241792,8.97393972532761,8.706704872154262,1.498595582644624,2.3723301226665594,0.2672348531733473
VT,2016,8.69117755417261,7.231163478716036,6.640005151735969,8.749797758851129,8.878823861406712,8.492309182681668,1.4600140754565736,2.1097926071151596,0.3865146787250442
VT,2017,8.554422068086826,7.19181845444421,6.326817157511838,8.610965061538327,8.878639460386646,8.202371747960138,1.3626036136426158,2.2841479040264883,0.6762677124265082
WA,2009,8.598333887053636,7.030377589332402,6.515162652989163,9.124348683468105,8.631587663534555,8.56575820470166,1.567956297721234,2.6091860304789414,0.06582945883289426
WA,2010,8.552513444872954,7.103346397810045,6.737310789952186,9.047213341047966,8.616030435793391,8.516704594595216,1.4491670470629092,2.30990255109578,0.09932584119817456
WA,2011,8.552910137503382,7.152004700770939,6.632913776174293,9.027255544503472,8.67187356897045,8.440359013734032,1.400905436732443,2.3943417683291788,0.2315145552364175
WA,2012,8.602940506417426,7.224276962699806,6.548932099768018,9.095422148529616,8.67184496949672,8.533636268599853,1.3786635437176198,2.5464900487615987,0.13820870089686643
WA,2013,8.690725685445866,7.427840837481007,6.766269121267747,9.131781835037396,8.84963100965917,8.536079849523666,1.262884847964859,2.3655127137696486,0.31355116013550344
WA,2018,8.468120505682013,,,9.066553209623326,8.661393491003585,8.272064263890453,,,0.3893292271131319
WA,2019,8.302656518259846,,,8.981202636915032,8.492281478213558,8.106768461250299,,,0.3855130169632588
WV,2009,6.90058171524224,6.006608396110168,5.65208182190496,6.958966753297543,6.835139828049812,6.964339772038332,0.8939733191320727,1.3068849313925828,-0.12919994398852008
WV,2010,7.026551497235928,6.160521397560312,5.844804446058866,7.080794796091403,6.97219464160893,7.081893695771495,0.8660300996756165,1.2359903500325364,-0.1096990541625642
WV,2011,7.173167158615385,6.233829995324082,5.962745826651788,7.225255861063435,7.201630235482144,7.145663272735958,0.9393371632913032,1.2625100344116476,0.05596696274618562
WV,2012,7.210188893876587,6.310101646752514,6.29086704299281,7.254171994877622,7.229431748889937,7.191210058560062,0.9000872471240724,0.9633049518848127,0.0382216903298751
WV,2013,7.258839076882213,6.315029525059638,6.197006298245909,7.323893177076741,7.334550389413958,7.173955739633858,0.9438095518225742,1.126886878830832,0.16059464978010052
WV,2015,6.980155153062624,6.365023349045095,5.518315099231801,7.043339892054082,7.248280240418311,6.692194085305249,0.6151318040175289,1.5250247928222809,0.5560861551130625
WV,2016,7.049926170103072,6.495542985683578,5.542040674417293,7.133359826408721,7.288531487450738,6.806296926112934,0.5543831844194944,1.5913191519914278,0.48223456133780473
WV,2017,7.135518608079294,6.623247731466705,,7.218303826784197,7.442089950732343,6.810243759747139,0.5122708766125887,,0.631846190985204
WV,2018,7.122486403838779,5.974828298787108,5.809073325029897,7.201647884841528,7.419094017411244,6.807751601732562,1.1476581050516703,1.3925745598116315,0.6113424156786822
WV,2019,7.082766881653599,5.841960618702188,5.724977061908877,7.154922960923159,,,1.240806262951411,1.4299458990142817,
WI,2009,8.540285033556664,6.768497519850781,5.592990083106836,9.128958174382545,8.458911302486527,8.621147013784189,1.771787513705883,3.5359680912757083,-0.16223571129766157
WI,2010,8.563454747958618,6.926569178570507,5.728685585203465,9.109861819829405,8.438690626380234,8.68658117515704,1.6368855693881113,3.38117623462594,-0.24789054877680528
WI,2011,8.610531277742787,6.982288940335811,5.439342224225315,9.220178266090134,8.463678011295524,8.757486369988182,1.6282423374069763,3.780836041864819,-0.2938083586926581
WI,2012,8.633608555856023,7.065992126166432,5.750225167159071,9.236310285821498,8.568324909314887,8.6968531150092,1.5676164296895916,3.4860851186624267,-0.12852820569431245
WI,2013,8.666493452367451,7.064010651648409,5.463236932422306,9.310205607959944,8.625847965255018,8.70607471497466,1.6024828007190424,3.8469686755376378,-0.0802267497196425
WI,2014,8.692528717751884,7.007340889887321,5.362451144191069,9.352636325029144,8.647134481370912,8.735305674405378,1.6851878278645627,3.9901851808380746,-0.08817119303446574
WI,2015,8.69829122075559,7.337229424562524,,9.337489119150549,8.798668216466556,8.604337248034508,1.3610617961930656,,0.19433096843204822
WI,2016,8.681531256305954,6.987874320045043,4.804636198955655,9.404168962906615,8.818262058146143,8.544743804851379,1.6936569362609113,4.59953276395096,0.273518253294764
WI,2017,8.618793402371352,6.719356751022771,4.677374378254873,9.359111199731212,8.835231389512428,8.403324228811517,1.899436651348581,4.681736821476338,0.43190716070091106
WI,2018,8.655918104104027,6.796222590234396,4.665051571708264,9.422472745313264,8.835609881387152,8.47484818563385,1.8596955138696307,4.7574211736050005,0.3607616957533022
WI,2019,8.690770450463953,6.826970378797528,4.530775624944601,9.459955938482215,8.892192654472957,8.482282365897097,1.8638000716664251,4.929180313537614,0.4099102885758601
WY,2009,8.391941329850756,5.381271120677578,6.731513920586596,8.63635235546999,8.340735639166812,8.448830759517218,3.0106702091731776,1.904838434883394,-0.1080951203504057
WY,2011,8.582440614183449,7.56209207550294,6.281748606180856,8.897530821017705,8.538778825838184,8.64579250901132,1.0203485386805093,2.615782214836849,-0.10701368317313609
WY,2015,8.48708960166506,7.354778475177179,6.817415923220638,8.824829442593648,8.690587497504556,8.295689780024313,1.1323111264878811,2.00741351937301,0.3948977174802426
WY,2016,8.580821754392154,7.497619328586642,6.862177877488802,8.86062298792765,8.704366150215844,8.462191440037058,1.0832024258055126,1.9984451104388485,0.24217471017878545
WY,2017,8.692403736137264,7.480939115307032,7.572694138603939,8.991078145448297,8.864295188809034,8.526799104848953,1.211464620830232,1.4183840068443576,0.33749608396008135
WY,2018,8.542951471994254,7.369048972782595,6.81885597408724,8.949530683457073,8.650894184472486,8.436473645887489,1.1739024992116587,2.130674709369833,0.21442053858499754
WY,2019,8.406923088721827,6.983723365930057,6.382300917546059,8.857761844726912,8.553594753577553,8.256388666412706,1.4231997227917699,2.475460927180853,0.297206087164847
